{
    "success":true,
    "terms":"https:\/\/currencylayer.com\/terms",
    "privacy":"https:\/\/currencylayer.com\/privacy",
    "timestamp":1678634703,
    "source":"USD",
    "quotes":{
      "USDAED":3.672704,
      "USDAFN":87.600432,
      "USDALL":107.249918,
      "USDAMD":385.941832,
      "USDANG":1.79345,
      "USDAOA":507.503981,
      "USDARS":199.375934,
      "USDAUD":1.520219,
      "USDAWG":1.8025,
      "USDAZN":1.70397,
      "USDBAM":1.837899,
      "USDBBD":2.009209,
      "USDBDT":104.900625,
      "USDBGN":1.833764,
      "USDBHD":0.377108,
      "USDBIF":2068.975238,
      "USDBMD":1,
      "USDBND":1.348212,
      "USDBOB":6.87591,
      "USDBRL":5.217204,
      "USDBSD":0.995066,
      "USDBTC":4.8681405e-5,
      "USDBTN":81.613118,
      "USDBWP":13.233097,
      "USDBYN":2.51177,
      "USDBYR":19600,
      "USDBZD":2.005826,
      "USDCAD":1.38545,
      "USDCDF":2051.000362,
      "USDCHF":0.92006,
      "USDCLF":0.028874,
      "USDCLP":792.905136,
      "USDCNY":6.906204,
      "USDCOP":4722.830428,
      "USDCRC":545.505803,
      "USDCUC":1,
      "USDCUP":26.5,
      "USDCVE":103.613212,
      "USDCZK":22.209204,
      "USDDJF":177.183668,
      "USDDKK":6.995104,
      "USDDOP":54.907673,
      "USDDZD":136.58304,
      "USDEGP":30.749049,
      "USDERN":15,
      "USDETB":53.531175,
      "USDEUR":0.938304,
      "USDFJD":2.236704,
      "USDFKP":0.830428,
      "USDGBP":0.830979,
      "USDGEL":2.580391,
      "USDGGP":0.830428,
      "USDGHS":12.289621,
      "USDGIP":0.830428,
      "USDGMD":61.25039,
      "USDGNF":8567.401212,
      "USDGTQ":7.771461,
      "USDGYD":209.970399,
      "USDHKD":7.84985,
      "USDHNL":24.540713,
      "USDHRK":7.054794,
      "USDHTG":152.713433,
      "USDHUF":360.03504,
      "USDIDR":15502.55,
      "USDILS":3.58575,
      "USDIMP":0.830428,
      "USDINR":81.965504,
      "USDIQD":1452.332848,
      "USDIRR":42275.000352,
      "USDISK":141.280386,
      "USDJEP":0.830428,
      "USDJMD":152.22478,
      "USDJOD":0.709404,
      "USDJPY":135.01504,
      "USDKES":128.365362,
      "USDKGS":87.420385,
      "USDKHR":4026.687967,
      "USDKMF":461.850384,
      "USDKPW":899.967769,
      "USDKRW":1320.640384,
      "USDKWD":0.30696,
      "USDKYD":0.8293,
      "USDKZT":449.889583,
      "USDLAK":16789.926232,
      "USDLBP":14936.616079,
      "USDLKR":323.431847,
      "USDLRD":160.503775,
      "USDLSL":18.245039,
      "USDLTL":2.95274,
      "USDLVL":0.60489,
      "USDLYD":4.827327,
      "USDMAD":10.339896,
      "USDMDL":18.658084,
      "USDMGA":4281.351313,
      "USDMKD":57.90537,
      "USDMMK":2089.742987,
      "USDMNT":3542.785124,
      "USDMOP":8.045764,
      "USDMRO":356.999828,
      "USDMUR":47.061035,
      "USDMVR":15.360378,
      "USDMWK":1012.075365,
      "USDMXN":18.493404,
      "USDMYR":4.519504,
      "USDMZN":63.103732,
      "USDNAD":18.355039,
      "USDNGN":460.520377,
      "USDNIO":36.395245,
      "USDNOK":10.668125,
      "USDNPR":130.581215,
      "USDNZD":1.631322,
      "USDOMR":0.385096,
      "USDPAB":0.99516,
      "USDPEN":3.766292,
      "USDPGK":3.507024,
      "USDPHP":55.180375,
      "USDPKR":279.298971,
      "USDPLN":4.39715,
      "USDPYG":7163.463797,
      "USDQAR":3.641038,
      "USDRON":4.618804,
      "USDRSD":109.980373,
      "USDRUB":76.20369,
      "USDRWF":1086.970822,
      "USDSAR":3.75493,
      "USDSBD":8.198925,
      "USDSCR":13.037636,
      "USDSDG":594.00034,
      "USDSEK":10.70838,
      "USDSGD":1.348904,
      "USDSHP":1.21675,
      "USDSLE":21.081375,
      "USDSLL":19750.000338,
      "USDSOS":569.503664,
      "USDSRD":34.477038,
      "USDSTD":20697.981008,
      "USDSVC":8.707419,
      "USDSYP":2512.4607,
      "USDSZL":18.23897,
      "USDTHB":34.803038,
      "USDTJS":10.866607,
      "USDTMT":3.51,
      "USDTND":3.122038,
      "USDTOP":2.36955,
      "USDTRY":18.957504,
      "USDTTD":6.763144,
      "USDTWD":30.843704,
      "USDTZS":2328.525114,
      "USDUAH":36.728375,
      "USDUGX":3698.726683,
      "USDUYU":38.988864,
      "USDUZS":11334.868205,
      "USDVEF":2407751.369323,
      "USDVES":24.104859,
      "USDVND":23675,
      "USDVUV":120.34239,
      "USDWST":2.748473,
      "USDXAF":616.454447,
      "USDXAG":0.048694,
      "USDXAU":0.000535,
      "USDXCD":2.70255,
      "USDXDR":0.748203,
      "USDXOF":616.454447,
      "USDXPF":112.250364,
      "USDYER":250.325037,
      "USDZAR":18.321604,
      "USDZMK":9001.203589,
      "USDZMW":20.101489,
      "USDZWL":321.999592
    }
  }